id,affirmation,tâche/population/période,métrique/convention,valeur/contraste,membre/fichier source,calcul/commande,preuve nouvelle,statut de preuve,résultat du contrôle,limite
SUM-TASKS,Le résumé compare trois tâches et cibles distinctes.,MAUDE produit-problème; CMS déficience G-L à l’inspection; Part D prescripteur-médicament.,Définitions et unités,3 tâches non interchangeables,archive:sections/abstract_fr.tex; archive:sections/body_fr.tex; archive:supplement_fr.tex,Lecture ciblée des définitions et tables.,Aucune; sources LaTeX lues.,Historique rapporté; non-validation indépendante.,Les trois tâches et populations sont nommées comme dans les sources.,Pas d’effet commun ni méta-analyse; unités et comparateurs diffèrent.
PERIODS,"Les évaluations sont rétrospectives avec historique initial commun 2019-2022, validation 2023 et tests différenciés.",MAUDE 2019T1-2022T4 / 2023 / 2024-2025; CMS 2019-2022 / 2023 / 2024-2025; Part D 2019-2022 / 2023 / 2024.,"Calendrier, historique et test",Fenêtres selon la table calendrier,archive:sections/body_fr.tex tableau calendrier; archive:supplement_fr.tex,Lecture du calendrier et des définitions temporelles.,Aucune.,Historique rapporté.,"Fenêtres cohérentes entre résumé, corps et supplément.","Les périodes de validation/test sont rapportées comme consultées pendant le développement, non comme confirmation intacte."
MAUDE-PAIR-10,La fréquence des voisins dépasse la popularité globale au rappel micro à 10.,MAUDE; test roulant 2024T1-2025T4; seuls product-quarters avec positif.,Recall micro R@10 sur liens positifs; bootstrap apparié par produit.,Voisins .192045; global .184454; delta +.007591; IC 95% [+.005497;+.009820].,archive:tables/maude_fr.tex; archive:data/maude_neighbors_vs_global_R2.json; repo:results/benchmark_summary_v0_2.csv,"Rejeu compact apparié: 1000 tirages, seed 20260929; comparer 49 champs à 1e-12.",results/generated/consolidation-post-RC1/core-verification-20261002/replays/maude_replayed.json; results/generated/consolidation-post-RC1/core-verification-20261002/replays/checks.json.,Analyse rejouée sur sorties conservées; non indépendante.,Points et delta du rejeu concordent; 2026 grappes; aucun écart.,Prédictions gelées; IC post hoc conditionnel; source originale non revalidée par le rejeu.
MAUDE-TABLE-OTHER,Les autres méthodes MAUDE ont ces valeurs de R@5/R@10/R@20/MRR dans le tableau principal.,MAUDE; test 2024T1-2025T4.,Recall micro à K et MRR; ordre des nombres R@5/R@10/R@20/MRR.,Logistique .116138/.184530/.281084/.154591; arbres .116745/.182784/.278655/.156196; factorisation spectrale .100046/.174890/.293912/.136206; BPR moyenne fixe un saut .119022/.183847/.283361/.161307; GraphSAGE .109989/.172840/.270988/.145143.,archive:tables/maude_fr.tex; archive:data/verified_metrics_subset.csv; repo:results/benchmark_summary_v0_2.csv,Comparaison du sous-ensemble archivé avec le résumé canonique; lecture des cellules.,results/generated/consolidation-post-RC1/core-verification-20261002/numeric-checks/source_concordance.json.,"Historique rapporté; valeurs source vérifiées, pas de rejeu de ces cinq méthodes.",Cellules concordantes aux six décimales; le compact de bootstrap ne couvre que voisins/global.,Valeurs descriptives sans entraînement nouveau ni IC de contraste.
MAUDE-K20,À K=20 la factorisation spectrale dépasse légèrement les voisins.,MAUDE; test 2024T1-2025T4.,Recall micro R@20.,Spectrale .293912 contre voisins .293077; delta +.000835; pas d’IC.,archive:sections/body_fr.tex; archive:tables/maude_fr.tex; repo:results/benchmark_summary_v0_2.csv,Soustraction des valeurs source non arrondies et comparaison au tableau.,results/generated/consolidation-post-RC1/core-verification-20261002/numeric-checks/source_concordance.json.,Historique rapporté; arithmétique seulement.,Différence arrondie reproduite.,Contraste descriptif sans intervalle; ne démontre pas une supériorité générale.
MAUDE-GSAGE-GAP,GraphSAGE historique à trois époques est sous la fréquence des voisins à R@10.,MAUDE; test 2024T1-2025T4; seuil produit historique >=1.,Recall micro R@10; intervalle historique publié.,GraphSAGE .172840 vs voisins .192045; delta -.019204; IC [-.023578;-.014845].,archive:sections/body_fr.tex; archive:tables/maude_fr.tex; archive:data/published_intervals.csv; repo:results/benchmark_summary_v0_2.csv,"Lecture de la valeur, soustraction et statut IC dans les sources.",results/generated/consolidation-post-RC1/core-verification-20261002/numeric-checks/audit_numeric_consistency.json (manifest: 419 empreintes); archive:data/published_intervals.csv; aucun compact GraphSAGE dans replay.,Historique rapporté; non rejoué.,Différence ponctuelle conforme.,Ce contraste n’est pas recalculé par le compact voisins/global; entraînement et IC GraphSAGE non reproduits en A/B. Ne pas généraliser à toutes les durées après C.
MAUDE-POP,"Effectifs publiés pour validation et test: observations positives, liens positifs et produits distincts.",MAUDE; validation 2023 et test 2024-2025.,Produit-trimestre avec au moins un positif; links positifs; produits distincts.,Validation 3483 / 7705 / 1641; test 6370 / 13174 / 2026.,archive:sections/body_fr.tex tableau population; archive:data/available_descriptors_R2.json; archive:data/maude_coverage_periods_R6.json,Vérification des compteurs de compact et agrégation R6 depuis snapshots préparés.,results/generated/consolidation-post-RC1/core-verification-20261002/replays/maude_replayed.json; results/generated/consolidation-post-RC1/core-verification-20261002/replays/maude_coverage_periods.json.,Analyse rejouée sur sorties/snapshots conservés pour les effectifs couverts.,"6,370 observations de test du compact portent toutes au moins un positif; l’agrégat R6 concorde sur 9,853 observations/12 trimestres.",Ces effectifs ne comprennent pas les product-quarters sans positif; ne sont pas population nationale.
MAUDE-CANDIDATES,La distribution des candidats MAUDE publiée ne concerne que les observations avec positif.,MAUDE validation 2023 et test 2024-2025.,Candidats par product-quarter positif; quantiles interpolés linéairement.,"Test n=6370; min 151, Q1 444, médiane 485, Q3 510, max 533; moyenne 467.057457; validation n=3483 médiane 482.",archive:supplement_fr.tex S3; archive:data/real_R4/maude_descriptors.json,Lecture ciblée des effectifs et convention de quantile.,Aucune nouvelle extraction des descriptions R4.,Historique rapporté; non rejoué.,Valeurs et portée positive-seulement correspondent au supplément.,Distribution all-candidate des observations sans positif absente; ne pas l’extrapoler à l’univers entier.
MAUDE-B1,Les lignes d’entraînement tabulaires reconstruites équilibrent positifs et négatifs par refit.,MAUDE refits 2023T1/2024T1/2025T1.,Exemples préparés au ratio négatif/positif 1.,"48,453+48,453=96,906; 56,158+56,158=112,316; 62,161+62,161=124,322.",archive:sections/supp_additions_fr.tex; archive:tables/maude_B1_tabular_R6_fr.tex; archive:data/real_R6/maude_B/,Rejeu des snapshots préparés; égalité SHA/octets des artefacts MAUDE_B.,results/generated/consolidation-post-RC1/core-verification-20261002/replays/checks.json; results/generated/consolidation-post-RC1/core-verification-20261002/replays/maude_B/.,Analyse rejouée de snapshots préparés conservés; aucune collecte brute ni entraînement.,Les 5 artefacts deterministes comparés sont identiques octet par octet; sommes de lignes exactes.,"Pas de preuve de poids, checkpoints ou journaux d’optimiseur; snapshots historiques seulement."
MAUDE-COVERAGE,"Sur le test, couverture des paires/liens est haute mais peu de listes sont complètes.",MAUDE 2024-2025; 8 trimestres; observations avec positif et leurs candidats.,Pairs admissibles; liens positifs; liste entièrement représentée si produit et chaque candidat représentés.,"2,902,573/2,975,156 paires =97.56%; 12,884/13,174 liens =97.80%; listes 1,414/6,370=22.20%; tous les trimestres 2,331/9,853=23.66%.",archive:sections/body_fr.tex; archive:sections/supp_additions_fr.tex; archive:data/maude_coverage_periods_R6.json; archive:data/real_R6/maude_B/coverage_quarterly.csv,Rejeu de l’agrégat et validation des listes sur membership détaillée; hash de sortie égal.,results/generated/consolidation-post-RC1/core-verification-20261002/replays/maude_coverage_periods.json; results/generated/consolidation-post-RC1/core-verification-20261002/replays/checks.json.,Analyse rejouée de comptes/snapshots conservés; pas nouvelle performance.,"Numérateurs et dénominateurs reproduits; 12 trimestres et 9,853 observations contrôlés.","Unités trimestrielles additionnées, non entités uniques; inventaire de clés, sans checkpoint ni lien causal au fallback zéro."
MAUDE-DENOM,Le compact et le bootstrap MAUDE comptent uniquement les produit-trimestres avec positif.,MAUDE test 2024-2025.,Population éligible du compact et dénominateur du rappel.,"6370 observations sur 6370 avec positif; 13,174 liens positifs; la précision/charge et le nombre total sans positif ne sont pas vérifiables dans ce compact.",archive:supplement_fr.tex S5; archive:data/real_R4/maude.json.gz; archive:data/maude_neighbors_vs_global_R2.json,Lecture du schéma compact et des comptes du rejeu.,results/generated/consolidation-post-RC1/core-verification-20261002/replays/maude_replayed.json.,Analyse rejouée sur contributions conservées; portée lue.,Le compact déclare toutes les observations R@K positives; limite de dénominateur explicite.,N’inférer ni précision@K ni charge ou nombres de cas sans positif depuis les colonnes de places du compact.
MAUDE-TIME,Le test est roulant: chaque trimestre évalué enrichit l’historique; les réajustements sont annuels.,MAUDE; historique initial 2019T1-2022T4; validation 2023; test 2024-2025.,"Horloge DATE_RECEIVED; refits 2023T1, 2024T1, 2025T1.",Calendrier trimestriel et trois refits selon le protocole conservé.,archive:sections/body_fr.tex tableau calendrier; archive:supplement_fr.tex,Lecture des règles temporelles.,Aucune.,Historique rapporté; disponibilité temporelle non vérifiée.,Calendrier concordant entre tableau et supplément.,DATE_RECEIVED ne date pas la publication des champs; test consulté pendant le développement.
CMS-POP,Effectifs CMS annuels et groupés; les épisodes/CCN répétés se distinguent du total CCN uniques.,"CMS nursing homes; validation 2023; test 2024, 2025 et groupé.",Inspection Health Standard; positifs; CCN distincts par partition.,2023 2661/408/2660; 2024 8909/1253/8881; 2025 10076/1170/9990; pool 18985/2423/13889; ordre n/positifs/CCN.,archive:sections/body_fr.tex tableau population; archive:supplement_fr.tex S3; archive:data/available_descriptors_R2.json; archive:data/real_R4/cms.json.gz,Rejeu AP/décile CMS confirme n/positifs; les CCN distincts proviennent seulement des descripteurs R2 conservés.,results/generated/consolidation-post-RC1/core-verification-20261002/replays/cms_replayed.json; results/generated/consolidation-post-RC1/core-verification-20261002/replays/checks.json.,Analyse rejouée partielle (n/positifs); CCN distincts historiques seulement.,n et positifs concordent; les 284 champs métriques CMS sont comparés aux sorties conservées avec égalité d’arbre.,"CCN annuels distincts ne s’additionnent pas au pool; épisodes actuels sélectionnés, pas tous établissements/inspections nationaux."
CMS-POOLED-AUC-BRIER,Les propriétaires augmentent faiblement l’AUC groupée; son IC historique inclut zéro; Brier légèrement plus élevé.,"CMS; test groupé 2024-2025; 18,985 inspections.",AUC ROC et Brier sur années regroupées; IC historique.,"AUC local .619975 vs propriétaires .621293, delta +.001318, IC [-.001458;+.004329]; Brier .109407 vs .109538, delta +.000132, IC [-.000038;+.000303].",archive:tables/cms_fr.tex; archive:data/published_intervals.csv; repo:results/benchmark_summary_v0_2.csv; repo:results/cms_execution_v0_1_20260915.json,Contrôle arithmétique et identité de comptes dans audit; source canonique et empreintes vérifiées.,results/generated/consolidation-post-RC1/core-verification-20261002/numeric-checks/audit_numeric_consistency.json; results/generated/consolidation-post-RC1/core-verification-20261002/numeric-checks/source_hashes.txt.,"Historique rapporté; contrôle sur résumés, non rejoué depuis prédictions pour AUC/Brier.",Deltas affichés et intervalles concordent; deux IC incluent zéro.,"Pas de nouvel AUC/Brier extrait des prédictions individuelles; intervalle historique, pas preuve d’équivalence."
CMS-POOLED-AP-DECILE,"Dans le test groupé, AP de rang, précision et rappel au décile ont les valeurs suivantes.",CMS; test groupé 2024-2025.,AP rang historique; P10/R10 au décile regroupé avec k=ceil(.1n).,"Prévalence AP .121754, P10 .114797, R10 .089971; historique local .196023/.254871/.199752; propriétaires .197272/.250132/.196038.",archive:tables/cms_fr.tex; archive:data/cms_annual_predictions_R2.json; archive:data/real_R4/cms.json.gz,Rejeu AP/décile CMS et comparaison de l’arbre complet.,results/generated/consolidation-post-RC1/core-verification-20261002/replays/cms_replayed.json; results/generated/consolidation-post-RC1/core-verification-20261002/replays/checks.json.,Analyse rejouée sur sorties compactes conservées.,284 valeurs dans l’arbre CMS concordent exactement.,"AP et P/R conditionnels aux prédictions; CI AP historique seulement pour APrang, pas pour chaque métrique."
CMS-ANNUAL,Les AUC propriétaires-moins-historique changent de signe selon l’année; AP rang et Brier sont aussi rapportés annuellement.,CMS validation 2023; test 2024 et 2025 séparés.,AUC ROC/AP rang/Brier annuels; non pooling.,AUC historique 2023/24/25 .654342/.621884/.628444; propriétaires .657552/.622429/.628356; écarts test +.000545191 en 2024 et -.0000874758 en 2025; APrang/Brier dans table annuelle.,archive:tables/cms_annual_all_fr.tex; archive:tables/cms_annual_test_fr.tex; archive:data/cms_annual_metrics_R2.csv; archive:data/cms_annual_predictions_R2.json,Calcul des différences à partir des résumés annuels; audit vérifie les métriques annuelles mais ne recalcul pas AUC/Brier sur lignes.,results/generated/consolidation-post-RC1/core-verification-20261002/numeric-checks/audit_numeric_consistency.json.,"Historique rapporté; AP et déciles rejoués, AUC/Brier non rejoués.","Direction annuelle reproduite, dont 2025 négatif.",Une AUC regroupée n’est pas la moyenne simple des AUC annuelles; pas de préspécification prouvée.
CMS-AP-CONVENTIONS,Les conventions AP rang et seuils divergent pour les scores égaux de la référence de prévalence; modèles appris sans égalités exactes ont valeurs égales.,"CMS validation 2023; tests 2024, 2025 et regroupé.",APrang avec tri score puis ordre historique; APseuils groupe scores exactement égaux.,Prévalence rang/seuils: 2023 .162623937/.153325817; 2024 .148816236/.140644292; 2025 .118686881/.116117507; pool .121753623/.122069421. Local rang=seuils: .269782226/.211180530/.183722903/.196022698; propriétaires: .267161625/.212977057/.183547338/.197271902 (2023/2024/2025/pool).,archive:tables/cms_ap_exact_R4_fr.tex; archive:sections/body_fr.tex; archive:sections/supp_additions_fr.tex; archive:data/real_R4/cms_ties_exact.json,Rejeu AP CMS depuis le compact; comparaison de l’arbre complet.,results/generated/consolidation-post-RC1/core-verification-20261002/replays/cms_replayed.json; results/generated/consolidation-post-RC1/core-verification-20261002/replays/checks.json.,Analyse rejouée sur contributions/prédictions conservées.,Valeurs et égalités concordent; scores égaux traités selon conventions décrites.,Aucune IC pour APseuils; égalité observée pour modèles appris n’est pas invariance générale de l’AP rang.
CMS-AP-CONTRAST,Le contraste propriétaires-moins-local de l’AP rang varie selon les périodes.,"CMS 2023, 2024, 2025 et test regroupé.",Différence AP rang; aucune IC nouvelle.,2023 -.002620600; 2024 +.001796527; 2025 -.000175565; pool +.001249204.,archive:sections/supp_additions_fr.tex; archive:data/real_R4/cms_ties_exact.json,Différences directes des sorties exactes conservées.,results/generated/consolidation-post-RC1/core-verification-20261002/replays/cms_replayed.json; results/generated/consolidation-post-RC1/core-verification-20261002/replays/checks.json.,Analyse rejouée sur sorties conservées.,Signes et deltas reproduits.,IC historique concerne l’AP rang regroupée; aucune IC pour AP seuils ni par année.
CMS-DECILES,Les métriques annuelles top-decile sont calculées séparément par année avec k=ceil(.1n).,CMS validation 2023; test 2024/2025.,P10/R10; sélection exacte k par tri historique.,"2024 k=891; prévalence P/R .158249/.112530, local .273850/.194733, propriétaires .267116/.189944. 2025 k=1008; prévalence .123016/.105983, local .237103/.204274, propriétaires .235119/.202564.",archive:sections/body_fr.tex; archive:tables/cms_annual_test_fr.tex; archive:data/cms_annual_predictions_R2.json,Rejeu CMS des métriques de décile; audit contrôle compte hits entiers.,results/generated/consolidation-post-RC1/core-verification-20261002/replays/cms_replayed.json; results/generated/consolidation-post-RC1/core-verification-20261002/numeric-checks/audit_numeric_consistency.json.,Analyse rejouée sur prédictions compactes conservées.,P/R et nombres de places cohérents.,"Référence constante comporte des égalités; P/R historiques reflètent le départage déterministe, non tirage aléatoire."
CMS-POOLING,Le delta AUC intra-annuel pondéré diffère du delta groupé car les comparaisons inter-annuelles contribuent au pool.,CMS; test 2024-2025.,Pondération par paires positives-négatives; AUC inter-annuelle reconstruite.,"Delta intra +.0002157849; groupé +.001317714; delta inter reconstruit +.002413960; W=20,012,988, T=40,129,726, C=20,116,738.",archive:tables/cms_decomposition_fr.tex; archive:data/cms_year_decomposition_R2.json; archive:data/cms_annual_metrics_R2.csv,Reconstruction algébrique depuis résumés annuels et pool; vérification compteurs d’AUC.,results/generated/consolidation-post-RC1/core-verification-20261002/numeric-checks/audit_numeric_consistency.json.,Contrôle arithmétique sur résumés conservés; non rejoué depuis scores individuels.,Comptes W/T/C et AUC intra/inter concordent dans audit.,"AUC interannuelle est reconstruite, pas réévaluée; aucune interprétation causale temporelle."
CMS-PREVALENCE,La référence constante a AUC .5 dans chaque année mais .472568 groupé car son score 2025 est supérieur à 2024.,CMS test 2024 et 2025 annuels puis groupés.,AUC ROC avec rang moyen en égalité; inter-année selon deux constantes.,"Scores .1379310345 (2024), .1397037254 (2025); AUC .5/.5 annuelles; groupé .472567742.",archive:supplement_fr.tex; archive:data/cms_annual_predictions_R2.json; archive:data/cms_year_decomposition_R2.json,Vérification de l’ordre et identité algébrique de prévalence dans audit.,results/generated/consolidation-post-RC1/core-verification-20261002/numeric-checks/audit_numeric_consistency.json.,Historique rapporté; contrôle algébrique.,Contrôle de l’ordre des scores et pooled AUC réussi.,Pooled AUC n’est pas moyenne des annuelles et inclut les paires inter-annuelles.
CMS-TRAIN,"Les effectifs d’entraînement CMS sont retrouvés par identité à partir des prévalences, non lus dans les lignes d’entraînement.",CMS avant les refits 2023/2024/2025.,c23=p0/n0 et c24=(p0+408)/(n0+2661); agrégation annuelle.,n/p/négatifs: 2066/244/1822 avant 2023; 4727/652/4075 avant 2024; 13636/1905/11731 avant 2025.,archive:supplement_fr.tex S3; archive:tables/cms_training_R4_fr.tex; archive:data/cms_summary_identities_R4.json,Lecture de la dérivation algébrique conservée; vérification n=p+négatifs.,Aucune reconstruction des lignes ou entraînement.,Historique rapporté; reconstruction arithmétique.,Sommes positives+négatives concordent.,N’effectue pas une inspection des données ou une confirmation du fit historique.
CMS-CI,Les IC publiés sont attachés aux métriques/conventions historiques; les deux IC du contraste AUC/APrang contiennent zéro.,CMS test groupé 2024-2025; comparaison propriétaires-local.,IC AUC et APrang; APseuils sans IC.,AUC delta .001318 IC [-.001458;+.004329]; APrang delta .001249 IC [-.001186;+.003570]; aucun IC pour APseuils.,archive:data/published_intervals.csv; archive:sections/body_fr.tex; archive:sections/supp_additions_fr.tex,Lecture des étiquettes d’intervalle et conventions AP.,Aucune nouvelle IC; les AP seuils et points CMS sont rejoués séparément.,Historique rapporté; conventions relues.,Libellés corrects; intervalles incluent zéro.,Pas de seuil d’équivalence; IC excluent sélection/entraînement et ne se transfèrent pas aux APseuils.
PARTD-POP,"Le test générique Part D inclut les 2000 prescripteurs admissibles, dont seuls 1019 ont un lien positif.",Part D générique; test 2024.,"Prescripteur-année admissible, observations avec positif, liens positifs.",2000 observations; 1019 positives; 981 sans positif; 5476 liens positifs.,archive:sections/body_fr.tex tableau population; archive:supplement_fr.tex S3; archive:data/partd_bpr_vs_specialty_R2.json,Rejeu du compact de classement et vérification des comptes.,results/generated/consolidation-post-RC1/core-verification-20261002/replays/partd_replayed.json; results/generated/consolidation-post-RC1/core-verification-20261002/replays/checks.json.,Analyse rejouée sur sorties conservées.,Comptes reproduits; 2000 clusters retenus.,Compact = prédictions existantes; pas reconstruction brute des claims.
PARTD-SPECIALTY,La popularité par spécialité obtient les métriques de référence publiées au test Part D.,Part D générique; test 2024.,Recall micro / recall macro par prescripteur / MRR / précision@10.,Spécialité .217860/.280229/.313650/.059650; valeurs dans l’ordre métriques ci-dessus.,archive:tables/partd_fr.tex; archive:data/verified_metrics_subset.csv; repo:results/benchmark_summary_v0_2.csv,Rejeu de 91 champs numériques du compact Part D.,results/generated/consolidation-post-RC1/core-verification-20261002/replays/partd_replayed.json; results/generated/consolidation-post-RC1/core-verification-20261002/replays/checks.json.,Analyse rejouée sur sorties conservées.,Cellules concordantes au compact; précision/charge sur tous les 2000.,Comparer recall sur 5476 liens positifs à précision sur places proposées; pas d’évaluation clinique.
PARTD-OVERLAP,Le recouvrement historique donne un second comparateur relationnel Part D.,Part D générique; test 2024.,Recall micro / macro / MRR / P@10.,.210373/.245213/.310751/.057600.,archive:tables/partd_fr.tex; archive:data/verified_metrics_subset.csv,Rejeu des métriques du compact conservé.,results/generated/consolidation-post-RC1/core-verification-20261002/replays/partd_replayed.json.,Analyse rejouée sur sorties conservées.,Les quatre valeurs concordent à l’arrondi du tableau.,Méthode fondée sur les pairs; pas comparateur strictement local.
PARTD-LOGISTIC,La logistique tabulaire rapporte les métriques suivantes au test Part D.,Part D générique; test 2024.,Recall micro / macro / MRR / P@10.,.168188/.166448/.217225/.046050.,archive:tables/partd_fr.tex; archive:data/verified_metrics_subset.csv; repo:results/benchmark_summary_v0_2.csv,Rejeu du compact et concordance numérique au résumé canonique.,results/generated/consolidation-post-RC1/core-verification-20261002/replays/partd_replayed.json; results/generated/consolidation-post-RC1/core-verification-20261002/numeric-checks/source_concordance.json.,Analyse rejouée sur sorties conservées.,Valeurs affichées et valeurs source concordent.,Aucun IC de contraste comparant toutes les méthodes n’est fourni.
PARTD-BPR,Le BPR relationnel est en dessous de la popularité spécialité au rappel micro R@10.,Part D générique; test 2024.,Recall micro / macro / MRR / P@10.,.180789/.199590/.264137/.049500.,archive:tables/partd_fr.tex; archive:data/partd_bpr_vs_specialty_R2.json; repo:docs/benchmark_report_v0_2.md,Rejeu du compact Part D et comparaison à la source arrondie.,results/generated/consolidation-post-RC1/core-verification-20261002/replays/partd_replayed.json.,Analyse rejouée sur sorties conservées.,Cellules concordantes; macro recall et MRR source arrondis à six décimales.,"Deux valeurs source du sous-ensemble sont explicitement report_6_decimals, pas full precision."
PARTD-PAIR,Le contraste principal BPR-moins-spécialité est négatif au rappel micro@10.,Part D générique; test 2024; 2000 prescripteurs.,Bootstrap apparié par prescripteur; micro-recall K=10.,.180789 contre .217860; delta -.037071; IC [-.047179;-.027336]; 1000 tirages seed 20260929.,archive:supplement_fr.tex; archive:data/partd_bpr_vs_specialty_R2.json; archive:tables/partd_fr.tex,Rejeu bootstrap compact; comparaison de 91 champs à 1e-12.,results/generated/consolidation-post-RC1/core-verification-20261002/replays/partd_replayed.json; results/generated/consolidation-post-RC1/core-verification-20261002/replays/checks.json.,Analyse rejouée sur sorties conservées.,Delta et bornes reproduits; aucune réplication indéfinie.,"Post hoc, conditionnel; prescripteurs avec spécialité partagée peuvent être dépendants."
PARTD-DENOM,Précision et charge Part D gardent aussi les observations sans positif.,Part D générique; test 2024; 2000 prescripteurs-années.,P@K = hits / places effectivement proposées; charge = places moyennes par observation.,"981 observations sans positif restent dans les 2000; P@10 spécialité .059650/BPR .049500; chaque liste a au moins 10 candidats (minimum 675), donc 10 places moyennes.",archive:sections/body_fr.tex métriques; archive:supplement_fr.tex S3; archive:data/available_descriptors_R2.json; repo:results/benchmark_summary_v0_2.csv,Lecture de définition/dénominateur; rejeu des P@K et charges compactes.,results/generated/consolidation-post-RC1/core-verification-20261002/replays/partd_replayed.json; results/generated/consolidation-post-RC1/core-verification-20261002/numeric-checks/audit_numeric_consistency.json.,Analyse rejouée pour P@K/charge; conventions relues.,Tous les 2000 profils conservés; candidats >=10.,La micro recall utilise le dénominateur positif 5476; précision utilise les places sur les 2000.
PARTD-TIME,La cohorte Part D est sélectionnée par hash; l’année de service testée suit un historique qui inclut 2023.,Part D; validation 2023 et test 2024; max 2000 prescripteurs par cohorte.,Historique médicaments 2019-2022 pour val; 2019-2023 pour test; nouveaux liens publiés et observés.,Cohorte 2000; générique exact non RxNorm; test 2024.,archive:sections/body_fr.tex; archive:supplement_fr.tex S3; archive:data/available_descriptors_R2.json,Lecture du contrat de tâche et des descripteurs.,Aucune nouvelle source publique reconstruite.,Historique rapporté; disponibilité historique non démontrée.,Cohorte et périodes concordent avec le compact.,Année service != date publication; demandes supprimées par seuil CMS et absence non assimilable à négatif clinique.
SYN-GRAPHSAGE,Le contrôle GraphSAGE est un diagnostic synthétique minuscule et montre une baisse à 3 époques puis succès à 30.,"Graphe synthétique: 24 produits, 12 problèmes, 120 arêtes train, 24 liens masqués, 7 candidats/produit.",Recall@1 / MRR / perte diagnostique aux époques 0/3/30.,0: .125000/.306349/.692953; 3: .083333/.232639/.692592; 30: 1.000000/1.000000/.005073.,archive:tables/graphsage_control_R4_fr.tex; archive:data/graphsage_control_R4.json; archive:sections/supp_additions_fr.tex,Lecture du résultat synthétique conservé; pas de relance de GraphSAGE dans ce lot.,Aucune nouvelle sortie GraphSAGE; audit ne couvre qu’un test algorithmique synthétique interne.,Historique rapporté; non rejoué dans cette passe.,Taille et trois lignes concordent avec le résultat conservé.,Deux blocs; négatifs peuvent inclure lien masqué; 30 époques ne prouvent pas un modèle MAUDE réel.
SYN-NOTRANSFER,Le diagnostic synthétique ne valide ni le score réel GraphSAGE MAUDE ni l’effet propre de l’agrégation.,Instance synthétique versus MAUDE réel test 2024-2025.,Les métriques/populations et K ne sont pas comparables; aucune ablation directe.,Synthétique R@1 .083333 à 3 et 1.0 à 30; MAUDE GraphSAGE R@10 .172840 vs voisins .192045.,archive:sections/body_fr.tex; archive:supplement_fr.tex; archive:data/graphsage_control_R4.json; repo:results/benchmark_summary_v0_2.csv,"Lecture des populations et métriques; comparaison de portée, pas inférence statistique.",results/generated/consolidation-post-RC1/core-verification-20261002/numeric-checks/source_concordance.json; aucun entraînement de santé.,Historique rapporté; limite de portée.,Aucune revendication d’équivalence synthétique-réel retenue.,Pas de comparaison strictement identique ou d’ablation; source de quelques définitions de noyau conservée séparément.
LIMIT-TEMPORAL,L’ordre temporel ne prouve pas la disponibilité publique des attributs simulés.,MAUDE/CMS/Part D; fenêtres temporelles ci-dessus.,Date publique historique des champs; calendrier et disponibilité.,MAUDE DATE_RECEIVED != publication vérifiée; CMS début d’association<=inspection mais fins incomplètes; Part D année service != publication.,archive:sections/body_fr.tex; archive:supplement_fr.tex,Lecture des limitations explicitement rapportées.,Aucune.,Non vérifiable dans ce lot; limite historique rapportée.,Les trois caveats figurent dans les sources.,Requiert une reconstruction temporelle d’accès pour chaque source et des décisions des auteurs.
LIMIT-INDEPENDENCE,Les périodes de validation/test ont été consultées durant le développement; les rejeux ne sont pas des confirmations indépendantes.,Toutes tâches et protocoles rétrospectifs.,"Exposition aux résultats, sélection, confirmation non consultée.",Confirmation indépendante: non démontrée.,archive:sections/abstract_fr.tex; archive:sections/body_fr.tex; results/generated/consolidation-post-RC1/core-verification-20261002/replays/checks.json,Aucun entraînement ou test sur nouvelles données n’a été exécuté; audit et replays limités aux sorties conservées.,results/generated/consolidation-post-RC1/core-verification-20261002/replays/checks.json; results/generated/consolidation-post-RC1/core-verification-20261002/numeric-checks/audit_numeric_consistency.json.,Historique rapporté; aucune confirmation indépendante.,Replay vérifie une analyse sur contributions existantes uniquement.,Un reviewer agent ne compte pas comme validation humaine des auteurs.
LIMIT-TRAINING,"Les entraînements historiques, poids/checkpoints et budgets comparables ne sont pas établis par ces vérifications.",Toutes tâches et refits.,"Entraînement, sélection d’hyperparamètres, checkpoints, budgets.",Entraînement réexécuté: non démontré; checkpoints/optimiseurs inspectés: non démontré.,archive:supplement_fr.tex; results/generated/consolidation-post-RC1/core-verification-20261002/replays/checks.json; results/generated/consolidation-post-RC1/core-verification-20261002/replays/maude_B/,Audit arithmétique et replays n’entraînent pas les modèles et ne chargent aucun checkpoint.,results/generated/consolidation-post-RC1/core-verification-20261002/replays/checks.json; audit_numeric_consistency.json.,Non démontré; historique uniquement.,Checks déclarent health_models_trained=false et new_predictions_computed=false.,"Artefacts préparés valident des entrées/sommaires, pas état appris ni adéquation de fit."
LIMIT-UTILITY,Les métriques de classement ne mesurent ni utilité clinique ni effet décisionnel.,Trois tâches et populations étudiées.,"Validation prospective/clinique, calibration, décision et coûts.",Aucun effet clinique ou bénéfice décisionnel mesuré.,archive:sections/abstract_fr.tex; archive:sections/body_fr.tex,Lecture des limites déclarées.,Aucune.,Limite explicite; non vérifiable par arithmétique.,Aucune revendication d’utilité clinique retenue.,Nécessite validation prospective et approbation des auteurs/utilisateurs.
COMPARATOR-SCOPE,Les trois contrastes ne mettent pas en jeu le même effet: CMS oppose deux logistiques; Part D n’a pas de comparateur strictement local.,CMS test 2024-2025; Part D générique test 2024; MAUDE test 2024-2025.,Famille de modèles et caractère local/relationnel du comparateur.,"CMS: historique local vs historique + agrégats propriétaires, deux régressions logistiques; Part D: spécialité vs recouvrement vs logistique vs BPR, aucune baseline strictement locale.",archive:sections/abstract_fr.tex; archive:sections/body_fr.tex; archive:supplement_fr.tex,Lecture des descriptions de méthodes et tâches.,Aucune nouvelle analyse de comparateurs.,Historique rapporté; portée relue.,Les familles de modèle et limites de comparateur concordent avec les définitions.,Les valeurs ne permettent pas une attribution générale à un effet de graphe ni une comparaison inter-tâches.
CMS-ANNUAL-AP-BRIER,La table CMS annuelle donne AP rang et Brier distincts par méthode/année.,CMS validation 2023; tests 2024 et 2025.,AP rang et Brier annuels; valeurs affichées à six décimales.,"Prévalence AP/Brier 2023 .162624/.131058, 2024 .148816/.120871, 2025 .118687/.103191; historique .269782/.125499, .211181/.118972, .183723/.100949; propriétaires .267162/.126064, .212977/.119116, .183547/.101070.",archive:tables/cms_annual_all_fr.tex; archive:data/cms_annual_metrics_R2.csv; archive:data/cms_annual_predictions_R2.json,Lecture des cellules; rejeu CMS vérifie AP et audit arithmétique contrôle cohérence des résumés annuels.,results/generated/consolidation-post-RC1/core-verification-20261002/replays/cms_replayed.json; results/generated/consolidation-post-RC1/core-verification-20261002/numeric-checks/audit_numeric_consistency.json.,AP rejouée sur sortie compacte; Brier historique uniquement.,AP concorde au rejeu; Brier valeurs cohérentes avec tableau et source résumé.,Pas de recalcul du Brier depuis les lignes individuelles; annuelles distinctes du groupé.
MAUDE-B1-GRAPH,Les tailles de graphes historiques et pas implicites dépendent du refit et des époques configurées.,"MAUDE refits 2023T1, 2024T1, 2025T1.",Arêtes d’historique; triplets par époque; pas implicites = triplets × époques.,Arêtes 67676/75657/81891; BPR 270704/302628/327564 (4 époques); GraphSAGE 203028/226971/245673 (3 époques).,archive:sections/supp_additions_fr.tex; archive:tables/maude_B1_graph_R6_fr.tex; archive:data/real_R6/maude_B/,Vérification des snapshots préparés octet par octet; multiplication des arêtes par époques déclarées.,results/generated/consolidation-post-RC1/core-verification-20261002/replays/checks.json; results/generated/consolidation-post-RC1/core-verification-20261002/replays/maude_B/.,Inventaires rejoués sur snapshots; pas d’optimizer logs.,Tailles de graphes en accord avec snapshots; pas implicites calculés.,Les pas ne sont pas observés dans des journaux historiques; ne prouvent pas un entraînement effectif ni des poids appris.
MAUDE-COVERAGE-MISSING,Les paires candidates non représentées se répartissent selon le(s) nœud(s) absent(s).,MAUDE; tous trimestres 2023-2025 selon supplément R6.,Paires candidates; catégories disjointes de disponibilité de clés.,87994 paires absentes: produit seul 58215; problème seul 29240; deux nœuds 539.,archive:sections/supp_additions_fr.tex; archive:tables/maude_B2_missing_pairs_R6_fr.tex; archive:data/real_R6/maude_B/coverage_quarterly.csv,Rejeu des artefacts de couverture préparés; addition des catégories.,results/generated/consolidation-post-RC1/core-verification-20261002/replays/checks.json; results/generated/consolidation-post-RC1/core-verification-20261002/replays/maude_B/.,Analyse rejouée des comptes préparés; somme arithmétique.,Catégories disjointes et somme 58215+29240+539=87994.,"Inventaire des clés, non inspecté depuis checkpoints; pas une explication de performance."
SYN-DERIV,Le contrôle synthétique conserve un contrôle local de dérivées et une répétition déterministe.,Noyau GraphSAGE extrait; mini-graphe synthétique.,14 dérivées scalaires; différences finies centrales pas 1e-6; déterminisme à 3 époques.,Erreur absolue max 4.52e-11 sous tolérance 1e-6; nouvelle sortie 3 époques déterministe.,archive:sections/supp_additions_fr.tex; archive:data/graphsage_control_R4.json; archive:data/real_R4/graphsage_control_verified.json,Lecture des rapports R4 conservés; pas de relance du noyau dans l’audit claims.,Aucune nouvelle sortie GraphSAGE.,Historique rapporté; preuve de portage/calcul synthétique conservée.,Valeurs satisfont la tolérance enregistrée.,"Ne valide pas l’ingestion, l’entraînement ni les performances GraphSAGE réels MAUDE/CMS."
C-MAUDE-GRID,La grille indépendante MAUDE 0/3/10/30 est réellement exécutée sur la même population.,MAUDE; validation 2023; histoire initiale 2019Q1-2022Q4.,Rappel micro@10 au seuil de soutien produit 1; hits / liens.,R10 .022193380921479558/.17157689811810511/.16690460739779364/.20506164828033743; 3483 observations positives; 7705 liens; 1618588 candidats par durée.,repo:results/maude_duration_diagnostic_20261002T172405Z.json; repo:docs/consolidation-post-RC1/verification/maude_duration_diagnostic.md,Runner réel 4a22c2a; quatre fits indépendants avec paramètres fixes et exports complets.,results/generated/consolidation-post-RC1/maude-duration-20261002T172405Z/validation_2023/validation_summary.json,Entraînement réexécuté depuis instantanés préparés; exploratoire.,Grille complète; zéro est témoin sans optimisation et non sélectionnable.,Pas réacquisition brute; pas sensibilité aux initialisations ou négatifs alternatifs.
C-MAUDE-SELECT,La durée 30 est choisie sur validation avant les nouveaux scores de test.,MAUDE; décision validation 2023 puis test 2024/2025.,Maximum micro R@10 parmi 3/10/30; égalité exacte vers durée courte.,30 époques; score validation .20506164828033743; verrouillage 2026-10-02T17:32:26.207893Z.,repo:results/maude_duration_diagnostic_20261002T172405Z.json; repo:docs/consolidation-post-RC1/experiment_protocol.md,Sélection après grille complète; décision persistée avant lancement des phases test.,results/generated/consolidation-post-RC1/maude-duration-20261002T172405Z/selection.json; résultats et traces des phases test.,Sélection datée observée dans nouvel entraînement exploratoire.,Durée 30 verrouillée; test_scores_consulted=false pour cette décision.,Périodes déjà consultées avant ce cycle; ce verrouillage ne les rend pas indépendantes.
C-MAUDE-TEST,Le nouveau GraphSAGE 30 époques atteint R@10 .210642 sur les tests historiques regroupés.,MAUDE; 2024Q1-2025Q4; 6370 observations avec positif; 13174 liens.,Rappel micro@10 = somme hits / somme liens; non moyenne annuelle.,2024 1206/6003=.20089955022488756; 2025 1569/7171=.21879793613164134; regroupé 2775/13174=.21064217397904964; 2975156 paires.,repo:results/maude_duration_diagnostic_20261002T172405Z.json; repo:docs/consolidation-post-RC1/verification/maude_duration_diagnostic.md,Deux réajustements annuels indépendants après verrouillage; histoire mise à jour après chaque trimestre.,results/generated/consolidation-post-RC1/maude-duration-20261002T172405Z/test_aggregate_2024_2025.json,Entraînement réexécuté et nouvelles prédictions; exploratoire.,Tests 2024 puis 2025 complets; agrégation par dénominateurs.,Pas confirmation indépendante; positif-seulement ne donne pas précision ou charge générale.
C-MAUDE-CONTRAST,La contre-performance historique à trois époques ne caractérise pas toutes les durées.,MAUDE; R@10 test groupé 2024-2025; seuil produit 1.,Contrastes ponctuels descriptifs avec références historiques; aucun nouvel IC.,Nouveau30 .21064217397904964; historique3 .17284044329740397; voisins historiques .19204493699711553; deltas +.03780173068164566/+.018597236981934107.,repo:results/maude_duration_diagnostic_20261002T172405Z.json; repo:results/benchmark_summary_v0_2.csv,Soustraction des points sources; distinguer comparaison contrôlée sur validation et comparaison croisée historique sur test.,repo:docs/consolidation-post-RC1/verification/maude_duration_diagnostic.md,Point nouveau comparé à résultats historiques conservés.,Valeur ponctuelle 30 supérieure aux deux références citées; message à intégrer en E.,GraphSAGE3 et voisins non réentraînés sur test dans C; ni significativité ni budgets égaux ni causalité de l'agrégation.
C-MAUDE-OPTIMIZATION,Les pertes et pas C sont observés et les états finaux servent à l'inférence.,MAUDE; fits validation 0/3/10/30 et deux refits test 30.,Moyenne softplus(-marge) avant mise à jour; perte de données sans régularisation.,Validation epoch1 .6927517690732703; fins3/10/30 .31540401669322593/.3033096207976994/.21020840214521264; 2910068 pas validation et 7636508 au total.,repo:results/maude_duration_epochs_20261002T172405Z.csv; repo:results/maude_duration_diagnostic_20261002T172405Z.json,Callbacks sur triplets réellement visités; sauvegarde paramètres bruts et checkpoint final.,results/generated/consolidation-post-RC1/maude-duration-20261002T172405Z/; CSV des pertes observées.,Nouvel état appris instrumenté; pas reconstruction de checkpoints historiques.,Pas effectifs distincts des charges historiques implicites; zéro sans perte d'optimisation observée.,Perte non objectif pénalisé complet; pas preuve de convergence ou optimum; resume_supported=false.
C-MAUDE-BUDGET,Le run C respecte les plafonds opérationnels par phase sans les augmenter.,MAUDE; validation puis test2024 puis test2025.,Temps mural; CPU worker; RSS agrégée contrôleur+worker; sorties par phase.,Mural482.359641237/329.318453186/356.213609633s; total1167.907775233s; RSSmax249405440octets; sorties116627455/24442575/28668881octets.,repo:results/maude_duration_diagnostic_20261002T172405Z.json; repo:docs/consolidation-post-RC1/verification/maude_duration_diagnostic.md,Supervision Linux /proc toutes50ms; contrôleur et un worker; limites900s/512MiB/512MiB par phase.,results/generated/consolidation-post-RC1/maude-duration-20261002T172405Z/run_manifest.json,Coûts du nouvel entraînement réellement mesurés.,Trois phases complètes sous chaque plafond; pas plafond global900s.,RSS conservatrice et échantillonnée; pas égalisation rétrospective avec budgets des méthodes historiques.
D1-MAUDE-LOCK,La durée commune30 est fixée par C et verrouillée avant les nouveaux tests none.,MAUDE validation2023 puis tests2024-2025.,Choix commun30 sans tuningD1; validation microR10.,Mean1580/7705=.20506164828033743; none240/7705=.031148604802076575; verrou20:53:30.842192UTC.,repo:docs/consolidation-post-RC1/aggregation_protocol.md; repo:results/maude_aggregation_ablation_20261002T205122Z.json,Code b14d878 publié avant santé; lock aprèsvalidationcomplète etavantnouveaustestnone.,results/generated/consolidation-post-RC1/maude-aggregation-20261002T205122Z/selection_locked_before_test.json,Nouvelle validationnone; témoinCconservé; exploratoire.,Cohortesidentiques et trace test2024 créée20:53:30.847309UTC.,Horlogeslocales pas attestationexterne; périodesdéjàconsultées etduréechoisiepourmean.
D1-MAUDE-TEST,Le contraste fixé mean30 moins none30 est positif sur le test groupé.,MAUDE2024Q1-2025Q4;6370observationspositives;13174liens;2975156paires.,MicroR10=hits/liens; agrégation parsommes.,Mean2775/13174=.21064217397904964; none469/13174=.035600425079702444; delta+.1750417488993472; none2024=219/6003 et2025=250/7171.,repo:results/maude_aggregation_ablation_20261002T205122Z.json; repo:docs/consolidation-post-RC1/verification/maude_aggregation_ablation.md,TémoinC30réutilisé sansfit; troisfitsnone30nouveaux àduréecommune.,results/generated/consolidation-post-RC1/maude-aggregation-20261002T205122Z/test_aggregate_2024_2025.json,Entraînementnone etinférence réels; meanconservé.,Numérateurs/dénominateurs etcontraste recalculésdepuisrangs.,PasnouvelIC ouconfirmationindépendante; positivesonlypasprécisiongénérale.
D1-MAUDE-OPTIMIZATION,Les pertes none restent proches de ln2 sous les paramètres communs.,MAUDEfitsvalidation2023 etrefitstests2024/2025;30époques.,Moyennesoftplus(-marge)avantupdate sansrégularisation.,Nonepertefin=.6931471805589248/.6931471805588587/.6931471805588161;90époques et6756720pas;0saut.,repo:results/maude_aggregation_epochs_20261002T205122Z.csv; repo:docs/consolidation-post-RC1/verification/maude_aggregation_ablation.md,Callbacksréels etcourbes180époques dont90Cconservées.,results/generated/consolidation-post-RC1/maude-aggregation-20261002T205122Z/postprocessing/render_metadata.json,Observationdejournauxnouveauxnone etconservésC.,Pertes etpas concordants; PNG/SVGrendus etinspectés.,Pasdiagnosticcausal du mécanisme ou convergence; aucunretuningaprèsobservation.
D1-MAUDE-CAPACITY,La variante none supprime le message voisin et réduit la capacité de transformation active.,MAUDEdimension8; nœudsidentiques àchaquepairedefits.,Scalairesactifsdestransformations etvecteursd'identité.,Mean128/none64; vecteurscommuns27152/28608/29712; fanoutnone0; poidsvoisinsinactifsnuls.,repo:healthgraphbench/tasks/maude/models.py; repo:results/maude_aggregation_ablation_20261002T205122Z.json,Comptageparamètresbruts etcontrôledescheckpointsmarquésnone.,results/generated/consolidation-post-RC1/maude-aggregation-20261002T205122Z/report.json,NouvellevarianteBPRself-only non-GNN.,Voisinagesvides etaucungradientvia voisins; scoretanhWself reconstruit.,Capacitéinégale etparamètrescommuns; pas effetcausalpur d'agrégation.
D1-MAUDE-BUDGET,Les trois phases scientifiques none respectent les plafonds inchangés.,MAUDEvalidation2023/test2024/test2025.,Mural900s; RSSagrégée512MiB; sorties512MiB parphase.,Mural128.004926322/136.894963696/150.302736037s; pic303284224octets; sorties28982697/24356623/28699696octets;0retry.,repo:results/maude_aggregation_ablation_20261002T205122Z.json; repo:docs/consolidation-post-RC1/verification/maude_aggregation_ablation.md,SupervisionLinux/proc contrôleur+workerunique etbibliothèquesmonothread.,results/generated/consolidation-post-RC1/maude-aggregation-20261002T205122Z/run_manifest.json,Coûtsnouveauxnonemesurés etcoûtsCd'origineconservés.,Toutesphasescomplètes souschaqueplafond.,PaségalitéCPUouplafondglobal900s; RSSauditposthocdiscordanteexposéeséparément.
D1-MAUDE-AUDIT,Tous les nouveaux scores none et leurs cohortes appariées sont contrôlés.,MAUDE12trimestres;28snapshotssource;3checkpointsnone.,Entiers/listes/hash exacts; flottants1e-12; sanséchantillonnage.,4593744scoresnone etpairesappariées;9853listesparvariante;51260776contrôles;0écart.,repo:results/maude_aggregation_ablation_20261002T205122Z.json; repo:docs/consolidation-post-RC1/verification/maude_aggregation_ablation.md,Streamingentrées etexports; inférencebrute; recomputationrangs/métriques/contraste.,results/generated/consolidation-post-RC1/maude-aggregation-20261002T205122Z/postchecks/numeric_invariants.json,Auditnumériquecomplet sansfitC répété.,12tablestrimestrielles et3annuelles/validation plusgroupéconcordants.,Audit58.547s; VmHWM118292480contre ru_maxrss571580416octets; pascertificationglobaleRSS<512MiB; sourcebrutenonréacquise.
D1-MAUDE-MEAN-PRESERVATION,Le mode mean par défaut conserve les scores du noyau RC1 sur les fixtures contrôlées.,Quatrefixturesnonmédicales à3époques.,Égaliténumériquestricte desreprésentations/configurations/scores etcheckpoint.,364scores exactementégaux; nonecheckpointbrutexact et6dérivéeserreurmax1.312e-11.,repo:results/maude_aggregation_preflight_20261002.json; repo:healthgraphbench/tasks/maude/models.py,ComparaisonauvendeurRC1figé aprèsmodification etavantsanté.,results/generated/consolidation-post-RC1/maude-aggregation-preflight-20261002T204742Z/kernel_smoke.log,Prévolsynthétique réel; pastestscientifique deperformance.,Meanpréservé etSGD/samplerpartagés;moniteurindisponiblebloquelafit.,Fixturesbornéespaspreuveuniverselle; CItechniquepasapprobationhumaine.
