artifact_id,artifact_type,repository_path,file_status,archive_evidence,post_rc1_training_status,checkpoint_status,sha256,size_bytes,scope_and_limitations
rc1_source_archive,local_release_archive,results/generated/manuscript-rc1/HealthGraphBench_FAIA_LaTeX_RC1.zip,present_read_only_copy,"Contains main_fr.tex, main_en.tex, supplement_fr.tex and supplement_en.tex; the matching PDFs; prepared MAUDE B inputs under data/real_R6/maude_B/ including prepared_snapshots.json.gz, descriptors.json, training_tabular.csv and training_graph.csv.","not_executed_by_this_post-RC1_inventory; archived provenance says health_model_training_executed=false and new_predictions_computed=false for RC1 packaging","not_inspected; archive provenance explicitly distinguishes prepared-input checks from checkpoint recovery",2d066cfbbe1c50ed1f0dc021799d3bac631a70c428cf79d5d78b68af44e6b7be,5535958,"RC1 package only; release.json declares prepared_on 2026-09-30, local_release_candidate_not_published, baseline R6, benchmark v0.2.0 source b010d5a49eae56837a920b2e30dece41c42c0c44, manuscript package DOI null, author validation incomplete and tag_created false. Local mode 0444 is not WORM or publication. Embedded prepared inputs and file presence are not proof of a new experiment, trained model, score or checkpoint."
rc1_manuscript_fr,manuscript_pdf_fr,results/generated/manuscript-rc1/HealthGraphBench_manuscrit_fr_RC1.pdf,present_read_only_copy,"Matching archive members main_fr.pdf and main_fr.tex; embedded SHA256SUMS entry for main_fr.pdf matches this copy.","not_executed_by_this_post-RC1_inventory; PDF presence is not training evidence","not_inspected; PDF is not a checkpoint",93a63503bdb3a4615e7fbbce9cc69a209e10d61be479e30ea6fde856816e9fcd,273093,"RC1 manuscript PDF, local unpublished package only. Copy hash matches the named external source; no validation, submission or publication is implied."
rc1_manuscript_en,manuscript_pdf_en,results/generated/manuscript-rc1/HealthGraphBench_manuscript_en_RC1.pdf,present_read_only_copy,"Matching archive members main_en.pdf and main_en.tex; embedded SHA256SUMS entry for main_en.pdf matches this copy.","not_executed_by_this_post-RC1_inventory; PDF presence is not training evidence","not_inspected; PDF is not a checkpoint",188d5d28d29e61462c6ebdd4028347dd0e22e571230f1f9ad96dbfdd0907786d,256164,"RC1 manuscript PDF, local unpublished package only. Copy hash matches the named external source; no validation, submission or publication is implied."
rc1_supplement_fr,scientific_supplement_pdf_fr,results/generated/manuscript-rc1/HealthGraphBench_supplement_fr_RC1.pdf,present_read_only_copy,"Matching archive members supplement_fr.pdf and supplement_fr.tex; embedded SHA256SUMS entry for supplement_fr.pdf matches this copy.","not_executed_by_this_post-RC1_inventory; PDF presence is not training evidence","not_inspected; PDF is not a checkpoint",5cbe991ff2ecf9a6743f0e1b47976db5e40153ab63bba2b5e6605de2fa3f48b4,281194,"RC1 scientific supplement PDF, local unpublished package only. Copy hash matches the named external source; no validation, submission or publication is implied."
rc1_supplement_en,scientific_supplement_pdf_en,results/generated/manuscript-rc1/HealthGraphBench_supplement_en_RC1.pdf,present_read_only_copy,"Matching archive members supplement_en.pdf and supplement_en.tex; embedded SHA256SUMS entry for supplement_en.pdf matches this copy.","not_executed_by_this_post-RC1_inventory; PDF presence is not training evidence","not_inspected; PDF is not a checkpoint",06a8b03706f26d99fcd666579ba8442f085aef5eecb47af6dd73d80576ca2d29,256099,"RC1 scientific supplement PDF, local unpublished package only. Copy hash matches the named external source; no validation, submission or publication is implied."
benchmark_v0_2_release_manifest,benchmark_release_manifest,results/release_assets_v0_2.json,present_repository_file,not_an_RC1_archive_member,"not_executed_by_this_post-RC1_inventory; this file describes an existing published benchmark release","not_inspected; manifest does not establish checkpoint accessibility",0cb5935ae9ae4b6ee3d972602fe5e502e75be1ef5759e5771293ae0dde5c94dc,4684,"Published benchmark v0.2.0 metadata only. Its DOI 10.5281/zenodo.22796551 belongs to the benchmark, not the manuscript. The manifest's source_commit 2c73b54e649cc300ea1483c60bfc853e6e49ad62 is kept distinct from the RC1 release.json benchmark source declaration b010d5a49eae56837a920b2e30dece41c42c0c44."
benchmark_v0_2_contract,benchmark_task_contract,configs/task_contract_v0_2.json,present_repository_file,not_an_RC1_archive_member,"not_executed_by_this_post-RC1_inventory; contract describes the admitted Part D task and existing baseline set","not_inspected; task contract does not establish checkpoint accessibility",482adfa6665138c246f6212158d61bf2cd33e70049ad3d5e793283a6b2cd9b8f,2875,"Machine-readable v0.2 contract. A contract is not execution evidence and this inventory did not launch the task."
benchmark_v0_2_report,benchmark_report,docs/benchmark_report_v0_2.md,present_repository_file,not_an_RC1_archive_member,"not_executed_by_this_post-RC1_inventory; report is an existing v0.2 result interpretation","not_inspected; report does not establish checkpoint accessibility",e03a2224ef78e5169085946109cf54d3d5e84f2e4ff51f2336ace4c593a9e7c4,14185,"Existing development-stage benchmark report and historical metrics; not a new post-RC1 result or manuscript package DOI."
benchmark_v0_2_execution,benchmark_execution_record,results/execution_v0_2_20260916.json,present_repository_file,not_an_RC1_archive_member,"not_executed_by_this_post-RC1_inventory; record describes prior v0.2 artifacts","not_inspected; execution record does not establish checkpoint accessibility",548852560933048f74a9906698b0170a4d1cfd109a78866fb78cf9492c68f318,2420,"Existing v0.2 execution/provenance record with references to frozen v0.1 and admitted Part D outputs; not rerun here."
benchmark_v0_2_partd_execution,partd_execution_record,results/partd_execution_v0_2_20260916.json,present_repository_file,not_an_RC1_archive_member,"not_executed_by_this_post-RC1_inventory; file is the existing Part D result record","not_inspected; execution record does not establish checkpoint accessibility",779560e8f21bf19bc8c4517b3c1837efe7ac932dca3d984a40c1a22e22c99b14,40252,"Existing v0.2 admitted Part D execution output; no new predictions or scientific replay were generated for this inventory."
benchmark_v0_2_summary,benchmark_result_summary,results/benchmark_summary_v0_2.json,present_repository_file,not_an_RC1_archive_member,"not_executed_by_this_post-RC1_inventory; summary is an existing result artifact","not_inspected; result summary does not establish checkpoint accessibility",cfe4a745162027017c4cecfbdd8095a93a4e72c8eb661f72545f9da3d91d5225,53534,"Existing unified v0.2 result table with task-specific scopes; it is referenced as historical output, not recomputed or adopted as new RC1 evidence."
benchmark_v0_2_relational_analysis,benchmark_analysis_result,results/relational_value_v0_2.json,present_repository_file,not_an_RC1_archive_member,"not_executed_by_this_post-RC1_inventory; analysis is an existing result artifact","not_inspected; analysis does not establish checkpoint accessibility",606390fe2831f36417d0a7b6d92e0a1f3aac3c70cf810546980149c702d03a65,7028,"Existing v0.2 cross-task analysis; historical analysis only, not recalculated or expanded here."
benchmark_v0_2_payload_checksums,benchmark_payload_checksum_manifest,results/SHA256SUMS_v0_2,present_repository_file,not_an_RC1_archive_member,"not_executed_by_this_post-RC1_inventory; manifest belongs to existing v0.2 release artifacts","not_inspected; checksum list does not establish checkpoint accessibility",aa3b3c5cf376a896bb73e40f41a8e67c007db037bb0c5c31069a5b1d1cfc695f,1344,"Existing benchmark v0.2 payload checksum list, distinct from results/SHA256SUMS_manuscript_rc1. Hash here is the measured hash of the checksum-list file itself."
benchmark_v0_2_partd_model_gate_report,partd_model_gate_report,results/generated/partd-v0_2-model-gate-run-003/report.json,present_local_generated_file,not_an_RC1_archive_member,"not_executed_by_this_post-RC1-inventory; run report is an existing benchmark artifact","not_inspected; report does not establish checkpoint accessibility",98538c08562b451823290996d1ef8a88fdff7ec8965f1bb8fb7e9b06e672ad48,117888,"Existing local v0.2 model-gate report referenced by the benchmark report; ignored by Git and absent from a fresh source clone. Historical results only, no post-RC1 run."
benchmark_v0_2_partd_rankings,partd_model_gate_rankings,results/generated/partd-v0_2-model-gate-run-003/rankings.jsonl,present_local_generated_file,not_an_RC1_archive_member,"not_executed_by_this_post-RC1-inventory; rankings are an existing benchmark output","not_inspected; ranking output does not establish checkpoint accessibility",a3488f80d42784663e9036b355664394384e821b7455e7cd652e98217d591cf4,64984923,"Existing local v0.2 rankings output, ignored by Git and absent from a fresh source clone; not generated, scored, replayed or treated as new evidence by this inventory. Checkpoint remains uninspected/inaccessibility unverified."
original_maude_execution,historical_execution_record,results/maude_execution_v0_1_20260915.json,present_repository_file,not_an_RC1_archive_member,not_executed_in_this_post-RC1_run,no_historical_checkpoint_recovered; no_new_health_checkpoint,cab43cf672ba81fc90a1ab36ce902fadb4251200ddb126bb4490c4b77df113f6,68114705,"SHA-256 equals the frozen production input expected by RC1 paired_revision_analysis.py; identity checked separately, not training or compact derivation."
original_cms_execution,historical_execution_record,results/cms_execution_v0_1_20260915.json,present_repository_file,not_an_RC1_archive_member,not_executed_in_this_post-RC1_run,no_historical_checkpoint_recovered; no_new_health_checkpoint,f3794fef2db35f3f6670a9a912d3cc35126f503e5569cb38b9ce96a388edfaf4,21476553,"SHA-256 equals the frozen production input expected by RC1 paired_revision_analysis.py; identity checked separately, not raw-data validation."
prepared_maude_snapshots_for_verification,prepared_input_read_only,results/generated/consolidation-post-RC1/core-verification-20261002/inputs/HealthGraphBench_RC1/data/real_R6/maude_B/prepared_snapshots.json.gz,present_read_only_extracted_member,RC1 extracted member,no_fit_in_A_B; read_only_input_used_for_new_C_fits,no_historical_checkpoint_recovered; new_C_states_are_separate,1cba7f84ff24131715c68a985d9302c96c7bab4a4b2a27d906559a41104fbd36,1643541,RC1 member; prepared graph/eligibility inputs only; replayed byte-identically in A/B and reused read-only in C. Manufacturer and per-edge report multiplicities are not included.
analysis_environment_post_rc1,analysis_environment_manifest,results/generated/consolidation-post-RC1/core-verification-20261002/analysis_environment.json,present_local_generated_file,not_an_RC1_archive_member,not_executed_in_this_post-RC1_run,no_historical_checkpoint_recovered; no_new_health_checkpoint,003e96fda56aeb5e6f98056f58b1d3b4df9a26cab981e48b42fe7464a24bd132,1141,"Python 3.13.5 and all 16 installed package versions; new clean analysis environment, not a historical training environment recovered."
core_replay_execution_post_rc1,replay_execution_manifest,results/generated/consolidation-post-RC1/core-verification-20261002/replay_execution.json,present_local_generated_file,not_an_RC1_archive_member,not_executed_in_this_post-RC1_run,no_historical_checkpoint_recovered; no_new_health_checkpoint,b6003f333457ad57187d305738c5ea53141ae78b33d6f1a1a00bd9d7400125dc,11987,"Measured command, resources, hashes and 10 passing checks on retained compacts/prepared inputs; no independent reimplementation."
core_replay_checks_post_rc1,replay_comparison_summary,results/generated/consolidation-post-RC1/core-verification-20261002/replays/checks.json,present_local_generated_file,not_an_RC1_archive_member,not_executed_in_this_post-RC1_run,no_historical_checkpoint_recovered; no_new_health_checkpoint,26e72306af6239343acc903ad744e2071f6f41594eba87272547d8d102b031a4,2316,"49 MAUDE and 91 Part D fields, two CMS references, prepared MAUDE B and coverage; not new model predictions."
numeric_audit_post_rc1,arithmetic_and_integrity_audit,results/generated/consolidation-post-RC1/core-verification-20261002/numeric-checks/audit_numeric_consistency.json,present_local_generated_file,not_an_RC1_archive_member,not_executed_in_this_post-RC1_run,no_historical_checkpoint_recovered; no_new_health_checkpoint,119caf77c4b4df924ee671caf248105e112c7cb5fb0071ee84af2c57ed41619b,73295,"609/609 arithmetic, manifest and synthetic algorithm checks; not a full raw-data or real-model reproduction."
source_concordance_post_rc1,canonical_metric_concordance,results/generated/consolidation-post-RC1/core-verification-20261002/numeric-checks/source_concordance.json,present_local_generated_file,not_an_RC1_archive_member,not_executed_in_this_post-RC1_run,no_historical_checkpoint_recovered; no_new_health_checkpoint,84a59b6e6c5062082fb4408966eccde396b1b8d3e7b4b4eaebb4e8e2a3099fc5,1638,66 canonical metric keys agree at declared precision; two six-decimal Part D representations documented.
maude_duration_feasibility_post_rc1,training_input_feasibility,results/generated/consolidation-post-RC1/core-verification-20261002/maude_diagnostic_feasibility.json,present_local_generated_file,not_an_RC1_archive_member,not_executed_in_this_post-RC1_run,no_historical_checkpoint_recovered; no_new_health_checkpoint,5ec38a7a458faa03047fcdf8e5bcf62cc6890fc838df05a19b16e7303e4b942a,7751,"2023 graph and eligibility computed; 3483 positive observations and 7705 links; no fit, score, checkpoint or runtime estimate of training."
rc1_final_package_checks_post_rc1,package_integrity_and_document_checks,results/generated/consolidation-post-RC1/core-verification-20261002/final-checks/package_checks.json,present_local_generated_file,not_an_RC1_archive_member,not_executed_in_this_post-RC1_run,no_historical_checkpoint_recovered; no_new_health_checkpoint,116fbffed8b5485c0e8f2ecab55e6e0f9297d9f802e776656852b68b04348a98,88875,747/747 local package/document checks; submission remains false and human approval absent.
graphsage_pinned_source_ast_post_rc1,pinned_source_ast_comparison,results/generated/consolidation-post-RC1/core-verification-20261002/final-checks/graphsage_source_ast.json,present_local_generated_file,not_an_RC1_archive_member,not_executed_in_this_post-RC1_run,no_historical_checkpoint_recovered; no_new_health_checkpoint,742bcb2f459f2110099f54076ee49ff06d1e4b8f5fa78c32e6067ba7f5264c8d,757,16 vendored definitions equal pinned source AST; imports/docstrings excluded; no real MAUDE model trained.
repository_tests_clean_environment_post_rc1,regression_execution_log,results/generated/consolidation-post-RC1/core-verification-20261002/final-checks/repository_unittest.log,present_local_generated_file,not_an_RC1_archive_member,not_executed_in_this_post-RC1_run,no_historical_checkpoint_recovered; no_new_health_checkpoint,7deebf1771771211ecc8e33e8278b5200fa308c5e6408a68833a4f74b46dad2f,6750,41 repository tests passed on isolated fixtures under Python 3.13.5/NumPy 2.3.5; not health-data training or human validation.
maude_C_preflight,regression_and_historical_equivalence_manifest,results/maude_graphsage_preflight_20261002.json,present_repository_file,new_C_artifact; not_an_RC1_archive_member,non_health_fixtures_only,checkpoint_inference_roundtrip_checked_on_fixtures,05fd8e1874a1899a9daa4593e88fb0c58fe2061b38dc1f06cee34eb2a06498dc,2857,53 repository tests; four non-health fixtures and 364 exact score comparisons; before C training.
maude_C_run_manifest,new_training_execution_manifest,results/generated/consolidation-post-RC1/maude-duration-20261002T172405Z/run_manifest.json,present_local_generated_file,new_C_artifact; not_an_RC1_archive_member,new_graphsage_training_executed,six_new_inference_checkpoints; no_historical_state_recovered,41f104f7b08c959b7c1c979e8448b7ab40a263f730a532aa74a0642e926d8fbb,4323,Complete 0/3/10/30 validation then locked30 test2024/2025; effective per-phase limits and source hashes.
maude_C_protocol_executed,frozen_pre_run_protocol,results/generated/consolidation-post-RC1/maude-duration-20261002T172405Z/experiment_protocol_executed.md,present_local_generated_file,new_C_artifact; not_an_RC1_archive_member,protocol_fixed_before_training,not_a_checkpoint,69cda4bbd4cd86c3ebbe2346346e2a6292ef69a89699d92e1b628bc504fcb94a,10815,Exact pre-run SHA69cda4 retained read-only; current canonical status updated after execution; original also at code commit4a22c2a.
maude_C_selection,locked_validation_decision,results/generated/consolidation-post-RC1/maude-duration-20261002T172405Z/selection.json,present_local_generated_file,new_C_artifact; not_an_RC1_archive_member,selected_after_complete_validation_before_test,not_a_checkpoint,3b2f3168b1689252716f44a30ad61dab92dde169eb97b1a5b3d65b2a3ea05e73,429,30 epochs locked17:32:26.207893UTC; zero excluded; previously consulted periods stay exploratory.
maude_C_validation,new_validation_training_summary,results/generated/consolidation-post-RC1/maude-duration-20261002T172405Z/validation_2023/validation_summary.json,present_local_generated_file,new_C_artifact; not_an_RC1_archive_member,four_independent_fits; zero_is_initialization,four_new_inference_checkpoints,478e4a27800b6086029828e8e8ee5af79c1ad2c603e081a15cd94efdbb5b7b5e,162783,Same3483 positive observations/7705links/1618588pairs per duration; no raw-source reacquisition.
maude_C_test_2024,new_test_training_summary,results/generated/consolidation-post-RC1/maude-duration-20261002T172405Z/test_2024/phase_summary.json,present_local_generated_file,new_C_artifact; not_an_RC1_archive_member,new_30_epoch_training_and_predictions,new_inference_checkpoint; resume_false,80e055e94fb589012123b352fbf68a75e12232e80865ec61982fe9296e7cbbfb,36547,1206hits/6003links;2950positive observations; rolling history; exploratory historical test.
maude_C_test_2025,new_test_training_summary,results/generated/consolidation-post-RC1/maude-duration-20261002T172405Z/test_2025/phase_summary.json,present_local_generated_file,new_C_artifact; not_an_RC1_archive_member,new_30_epoch_training_and_predictions,new_inference_checkpoint; resume_false,4f9ae86d9ec8ca11fa7996773a050a001969b59ccb1ba7a024ceff7eb46796be,36523,1569hits/7171links;3420positive observations; rolling history; exploratory historical test.
maude_C_test_pool,new_test_aggregation,results/generated/consolidation-post-RC1/maude-duration-20261002T172405Z/test_aggregate_2024_2025.json,present_local_generated_file,new_C_artifact; not_an_RC1_archive_member,new_predictions_aggregated_by_denominators,not_a_checkpoint,9330d5ecc0f3c713cae5a9afbf596f8448a8ff30c421fd66f18cdceb433eaf9c,6221,2775/13174=.21064217397904964;6370positive observations;2975156pairs; not average of annual recalls.
maude_C_numeric_audit,post_training_output_invariants,results/generated/consolidation-post-RC1/maude-duration-20261002T172405Z/postchecks/numeric_invariants.json,present_local_generated_file,new_C_artifact; not_an_RC1_archive_member,no_refit; all_C_outputs_audited,inference_rebuilt_from_all_six_raw_checkpoints,dd51ca781d36eb21b23bd77b72bb5b99521e6ffd0983bf4467338773792cee37,96266,All9449508prediction rows/scores/ranks/labels;24quarter-fit tables; zero discrepancies at1e-12; not independent raw-source confirmation.
maude_C_checkpoint_validation00,new_inference_checkpoint,results/generated/consolidation-post-RC1/maude-duration-20261002T172405Z/validation_2023/fit_epochs_00/checkpoint.json.gz,present_local_generated_file,new_C_artifact; not_an_RC1_archive_member,zero_initialization_only,raw_parameters_and_neighbors; resume_supported_false,68273e490281e85da8fa2ada1c2b0ffd605b62a61e8a04dbc6957cc731ba2d68,634042,New C checkpoint only; all associated exported scores reconstructed and compared; no historical checkpoint recovered or optimizer resume.
maude_C_checkpoint_validation03,new_inference_checkpoint,results/generated/consolidation-post-RC1/maude-duration-20261002T172405Z/validation_2023/fit_epochs_03/checkpoint.json.gz,present_local_generated_file,new_C_artifact; not_an_RC1_archive_member,new_graphsage_training_executed,raw_parameters_and_neighbors; resume_supported_false,adf2782b36bcd7607f7921aca74c3e78ab86feb75b6f08fe383d5e5604d137dc,650478,New C checkpoint only; all associated exported scores reconstructed and compared; no historical checkpoint recovered or optimizer resume.
maude_C_checkpoint_validation10,new_inference_checkpoint,results/generated/consolidation-post-RC1/maude-duration-20261002T172405Z/validation_2023/fit_epochs_10/checkpoint.json.gz,present_local_generated_file,new_C_artifact; not_an_RC1_archive_member,new_graphsage_training_executed,raw_parameters_and_neighbors; resume_supported_false,6d5b459e7ad16c72258faaeffb264d735d86a6e258bf05484f4f1a776353845b,650790,New C checkpoint only; all associated exported scores reconstructed and compared; no historical checkpoint recovered or optimizer resume.
maude_C_checkpoint_validation30,new_inference_checkpoint,results/generated/consolidation-post-RC1/maude-duration-20261002T172405Z/validation_2023/fit_epochs_30/checkpoint.json.gz,present_local_generated_file,new_C_artifact; not_an_RC1_archive_member,new_graphsage_training_executed,raw_parameters_and_neighbors; resume_supported_false,429aca80805463f0448e2d9dd66e018f30a1d099ebd4b4abad37be25548bdb71,652103,New C checkpoint only; all associated exported scores reconstructed and compared; no historical checkpoint recovered or optimizer resume.
maude_C_checkpoint_test2024,new_inference_checkpoint,results/generated/consolidation-post-RC1/maude-duration-20261002T172405Z/test_2024/fit_epochs_30/checkpoint.json.gz,present_local_generated_file,new_C_artifact; not_an_RC1_archive_member,new_graphsage_training_executed,raw_parameters_and_neighbors; resume_supported_false,9f5a0173ec023d3c03ca8ac63b62fce828ba1b79fef76280753ee27f8381db23,691317,New C checkpoint only; all associated exported scores reconstructed and compared; no historical checkpoint recovered or optimizer resume.
maude_C_checkpoint_test2025,new_inference_checkpoint,results/generated/consolidation-post-RC1/maude-duration-20261002T172405Z/test_2025/fit_epochs_30/checkpoint.json.gz,present_local_generated_file,new_C_artifact; not_an_RC1_archive_member,new_graphsage_training_executed,raw_parameters_and_neighbors; resume_supported_false,a3c6122945b20110c9aad93dd872edc353d5f06f670a6329fa4c04002f293134,720495,New C checkpoint only; all associated exported scores reconstructed and compared; no historical checkpoint recovered or optimizer resume.
maude_C_compact_manifest,new_training_compact_evidence,results/maude_duration_diagnostic_20261002T172405Z.json,present_repository_file,new_C_artifact; not_an_RC1_archive_member,new_C_training_and_output_audit,six_local_new_inference_checkpoints_indexed,0c8a610991e313d49a9fba03736d225897620cec86779989c8b243665942dff2,71975,Versioned C evidence;121hashed artifacts; large outputs local/ignored; A/B manifest and historical scores untouched.
maude_C_epoch_csv,observed_epoch_losses_and_metrics,results/maude_duration_epochs_20261002T172405Z.csv,present_repository_file,new_C_artifact; not_an_RC1_archive_member,103_observed_training_epochs; plus_zero_witness,not_a_checkpoint,d480cfd44c57878e41c2138b754e071a4ce3cc0cef8cc86708a4869365f7830a,111276,111records/50columns; zero loss unobserved; loss excludes regularization; no validation/test loss interpolation.
maude_C_report,bounded_duration_report,docs/consolidation-post-RC1/verification/maude_duration_diagnostic.md,present_repository_file,new_C_artifact; not_an_RC1_archive_member,new_C_training_reported,inference_only; no_resume,84f42db5a1888d322ec95365f23a22b76be27ff4ce43c98ee4b7cf5eba0e38da,10241,New30 testpoint=.210642 vs historical3=.172840 and neighbors=.192045; descriptive contrasts only; E integration and human approval pending.
maude_C_curve_svg,optimization_and_validation_curves,docs/consolidation-post-RC1/verification/maude_duration_epochs_20261002T172405Z.svg,present_repository_file,new_C_artifact; not_an_RC1_archive_member,actual_losses_and_validation_metrics_rendered,not_a_checkpoint,fe5cb142d608b560abe1918baa19ee45484a1c59a8b50f4f47d5173d00011ebe,32592,SVG shows measured BPR curve and validation grid; no optimization point0; no optimum/convergence claim.
maude_C_curve_png,inspected_curve_surface,docs/consolidation-post-RC1/verification/maude_duration_epochs_20261002T172405Z.png,present_repository_file,new_C_artifact; not_an_RC1_archive_member,actual_losses_and_validation_metrics_rendered,not_a_checkpoint,03b1d3025788aa108d0347c6e638e11cd7b8c9362b6ad82d5d515dadbf0f188e,181449,PNG surface inspected; loss prefix equality shown;30selection dated before tests; not independent confirmation.
maude_D1_protocol,fixed_aggregation_protocol,docs/consolidation-post-RC1/aggregation_protocol.md,present_repository_file,D1_evidence; not_RC1_archive_member,new_none_training_executed; mean30_C_reused,not_a_checkpoint,78d1408a96da81fceb85b1f3f91034592b3b96dd95fbe4d508906e121c1efaca,8591,Protocol fixed before health none fits; common30 from C; only P2; no D2 or tuning.
maude_D1_preflight,non_health_kernel_and_runner_preflight,results/maude_aggregation_preflight_20261002.json,present_repository_file,D1_evidence; not_RC1_archive_member,no_health_training_in_this_preflight,none_raw_checkpoint_smoke,defb3ec1b55be264f0d9c10c80662ccdfae7077b5c76732a58e4d712caa54c26,4097,364 exact RC1 mean scores; none raw reconstruction and gradients; monitor failure stops before health worker.
maude_D1_executed_protocol,frozen_executed_protocol,results/generated/consolidation-post-RC1/maude-aggregation-20261002T205122Z/aggregation_protocol_executed.md,present_local_generated_file,D1_evidence; not_RC1_archive_member,new_none_training_executed; mean30_C_reused,not_a_checkpoint,78d1408a96da81fceb85b1f3f91034592b3b96dd95fbe4d508906e121c1efaca,8591,Exact protocol bytes retained; no later status rewrite.
maude_D1_run_manifest,bounded_new_training_manifest,results/generated/consolidation-post-RC1/maude-aggregation-20261002T205122Z/run_manifest.json,present_local_generated_file,D1_evidence; not_RC1_archive_member,new_none_training_executed; mean30_C_reused,three_new_none_checkpoints_indexed,03835cb2bfc0dced9bc840f839965c0813d82ba792a3c261d1ca6f4575126e65,48354,Real argv/environment/costs and50C artifacts reused; no mean retraining.
maude_D1_raw_report,new_none_and_retained_mean_metrics,results/generated/consolidation-post-RC1/maude-aggregation-20261002T205122Z/report.json,present_local_generated_file,D1_evidence; not_RC1_archive_member,new_none_training_executed; mean30_C_reused,raw_inference_states,b863135ef668a8a558166c216cfb5e0f747730801206cbd95b676aaf34e60515,168240,Both origins and signed contrast; common30; active capacity128mean/64none.
maude_D1_lock,common_duration_before_none_tests,results/generated/consolidation-post-RC1/maude-aggregation-20261002T205122Z/selection_locked_before_test.json,present_local_generated_file,D1_evidence; not_RC1_archive_member,new_none_training_executed; mean30_C_reused,not_a_checkpoint,543b2f4cfd58543cf69d28fae972b34af1dca2c07d13203c92d9bb45582e5db5,623,Locked20:53:30.842192UTC after complete validation; test exposure already historical.
maude_D1_cohort_comparison,matched_validation_and_test_cohorts,results/generated/consolidation-post-RC1/maude-aggregation-20261002T205122Z/cohort_comparison.json,present_local_generated_file,D1_evidence; not_RC1_archive_member,new_none_training_executed; mean30_C_reused,not_a_checkpoint,24aa8e07989d8be23e1e3c8ca7275c77b956b24b930eac0bd76b73583238dfba,1329,Candidate ids/labels/support identical to retained C30.
maude_D1_numeric_audit,exhaustive_none_output_audit,results/generated/consolidation-post-RC1/maude-aggregation-20261002T205122Z/postchecks/numeric_invariants.json,present_local_generated_file,D1_evidence; not_RC1_archive_member,new_none_training_executed; mean30_C_reused,three_none_checkpoints_reconstructed,5137c4c7a8df56b1c5ce84d41f1ce913b9d4add2db0048e639a7a550978213b7,168046,4593744new scores;51260776checks;0numeric discrepancy; RSSVmHWM118292480 versusru_maxrss571580416; no global audit RSS certification.
maude_D1_audit_script,reproducible_streaming_audit,results/generated/consolidation-post-RC1/maude-aggregation-20261002T205122Z/postchecks/audit_numeric_invariants.py,present_local_generated_file,D1_evidence; not_RC1_archive_member,new_none_training_executed; mean30_C_reused,raw_parameters_only_for_none_scores,e4cd12daf389a6d5d273a31d9c4363ace652792a655f5d42e04e859ddc173f66,77059,Reuses immutable C utilities; no C fits or repeated C score audit.
maude_D1_renderer,observed_data_render_script,results/generated/consolidation-post-RC1/maude-aggregation-20261002T205122Z/postprocessing/render_maude_aggregation.py,present_local_generated_file,D1_evidence; not_RC1_archive_member,new_none_training_executed; mean30_C_reused,not_a_checkpoint,17d3624c4a1e08cd50f0d3067b472a9569b4db938c48d6fbc301069eef8c2ed6,22886,Reads actual C30/D1 summaries and90epochs each; no training; no epoch0 interpolation.
maude_D1_render_metadata,render_command_and_hashes,results/generated/consolidation-post-RC1/maude-aggregation-20261002T205122Z/postprocessing/render_metadata.json,present_local_generated_file,D1_evidence; not_RC1_archive_member,new_none_training_executed; mean30_C_reused,not_a_checkpoint,1c1bebd1c7a469b467621d67c2917c5d59fb031ced261db04dafb82c8f353dee,7076,230records39columns;180epoch observations;180notnewtrainingepochs.
maude_D1_checkpoint_validation_2023,new_none_inference_checkpoint,results/generated/consolidation-post-RC1/maude-aggregation-20261002T205122Z/validation_2023/fit_epochs_30/checkpoint.json.gz,present_local_generated_file,D1_evidence; not_RC1_archive_member,new_none_training_executed; mean30_C_reused,raw_self_parameters; fanout0; resume_false,71279ddbc9761084ddc3fefa69f344f9386d43518e30dd2d3275ceb601349788,629138,New none state; no neighbors or active neighbor weights; all exported scores reconstructed.
maude_D1_checkpoint_test_2024,new_none_inference_checkpoint,results/generated/consolidation-post-RC1/maude-aggregation-20261002T205122Z/test_2024/fit_epochs_30/checkpoint.json.gz,present_local_generated_file,D1_evidence; not_RC1_archive_member,new_none_training_executed; mean30_C_reused,raw_self_parameters; fanout0; resume_false,15eeae8cfc5f6c233b0350de52042e5a52df669efa3817708552fb7550e3e765,667600,New none state; no neighbors or active neighbor weights; all exported scores reconstructed.
maude_D1_checkpoint_test_2025,new_none_inference_checkpoint,results/generated/consolidation-post-RC1/maude-aggregation-20261002T205122Z/test_2025/fit_epochs_30/checkpoint.json.gz,present_local_generated_file,D1_evidence; not_RC1_archive_member,new_none_training_executed; mean30_C_reused,raw_self_parameters; fanout0; resume_false,aeb0996196d0473cf4bda8b2bdd490afa128139e604fb4de77d1a61195f35602,695996,New none state; no neighbors or active neighbor weights; all exported scores reconstructed.
maude_D1_report,aggregation_contrast_report,docs/consolidation-post-RC1/verification/maude_aggregation_ablation.md,present_repository_file,D1_evidence; not_RC1_archive_member,new_none_training_executed; mean30_C_reused,inference_only_no_resume,afb28caef1a1fb448642b894d0f747df71a34903d39836044449b6dc506ff0a4,18732,Mean.210642 vsnone.035600; delta+.175042; capacity and optimization limitation; audit RSS reserve; E/F pending.
maude_D1_epoch_csv,observed_losses_costs_and_metrics,results/maude_aggregation_epochs_20261002T205122Z.csv,present_repository_file,D1_evidence; not_RC1_archive_member,new_none_training_executed; mean30_C_reused,not_a_checkpoint,05f579b9076ff976e43850223f51511fc27e6074231f16a5e7598b59b9948e7e,211665,230records39columns;90Cepochs reused plus90D1epochs new; origin explicit.
maude_D1_curve_svg,optimization_and_result_curves,docs/consolidation-post-RC1/verification/maude_aggregation_20261002T205122Z.svg,present_repository_file,D1_evidence; not_RC1_archive_member,new_none_training_executed; mean30_C_reused,not_a_checkpoint,130c63895661731a8ae2160bef8130de92c017dd474d430cd7be570d08a1615d,60811,SVG text preserved; measured losses andR10 contrasts; no IC or epoch0.
maude_D1_curve_png,inspected_curve_surface,docs/consolidation-post-RC1/verification/maude_aggregation_20261002T205122Z.png,present_repository_file,D1_evidence; not_RC1_archive_member,new_none_training_executed; mean30_C_reused,not_a_checkpoint,034f04b645e5c4d5a8a6da35c04864177aaf5faf9a8865caefc298717a9a1230,265663,2484x1835 PNG opened; none loss nearln2; no general superiority claim.
maude_D1_compact_manifest,versioned_aggregation_evidence,results/maude_aggregation_ablation_20261002T205122Z.json,present_repository_file,D1_evidence; not_RC1_archive_member,new_none_training_executed; mean30_C_reused,three_local_none_inference_checkpoints_indexed,8b78d8972004a4e3818c529f030e63b91340cff2bb1466248f6961c92699da12,71426,141hashed artifacts including68D1local outputs and50C reused; large outputs local ignored; no hash cycle.
maude_D1_rss_probe,non_health_exec_telemetry_probe,results/generated/consolidation-post-RC1/maude-aggregation-publication-20261002T205122Z/rss_exec_probe.json,present_local_generated_file,D1_evidence; not_RC1_archive_member,no_training_telemetry_probe,not_a_checkpoint,dced22b91ab9924b47e1cdbe189ff6aa65483fe2630e640c6c5170be3a36596a,2312,Same PID ru_maxrss retained across exec whileVmHWM reset; no audit rerun or certain audit peak attribution.
